,Roofline,Rank-1,Rank-2,Rank-3,Rank-4,Rank-5,Rank-6,Rank-7,Rank-8,Rank-9,Rank-10,Rank-11,Rank-12,Rank-13,Rank-14,Rank-15,Rank-16,Rank-17,Rank-18,Rank-19,Rank-20,Rank-21,Rank-22,Rank-23,Rank-24,Rank-25,Rank-26,Rank-27,Rank-28,Rank-29,Rank-30,Rank-31,Rank-32,Rank-33,Rank-34,Rank-35,Rank-36,Rank-37,Rank-38,Rank-39,Rank-40,Rank-41,Rank-42,Rank-43,Rank-44,Rank-45,Rank-46,Rank-47,Rank-48,Rank-49,Rank-50,Rank-51,Rank-52,Rank-53,Rank-54,Rank-55,Rank-56,Rank-57,Rank-58,Rank-59,Rank-60,Rank-61,Rank-62,Rank-63,Rank-64,Rank-65,Rank-66,Rank-67,Rank-68,Rank-69,Rank-70
Op.MASS.2D.P1,2.1898717866666667e-05,7.126719951629638e-05,nan,nan,nan,nan,nan,nan,nan,nan,nan,nan,nan,nan,nan,nan,nan,nan,nan,nan,nan,nan,nan,nan,nan,nan,nan,nan,nan,nan,nan,nan,nan,nan,nan,nan,nan,nan,nan,nan,nan,nan,nan,nan,nan,nan,nan,nan,nan,nan,nan,nan,nan,nan,nan,nan,nan,nan,nan,nan,nan,nan,nan,nan,nan,nan,nan,nan,nan,nan,nan
Op.MASS.2D.P2,6.355006060606062e-05,0.00019101600050926208,0.00019013919830322267,0.0002566207885742188,0.00023709919452667239,0.0002628112077713013,0.0002464095950126648,0.00019656800031661988,0.00019214080572128295,0.00019912319779396057,0.00021889439821243286,0.00023224959373474121,0.0002725183963775635,0.0002077375888824463,0.00019691680073738097,0.0002600719928741455,0.00019970560073852538,0.00023952639102935792,0.0002071039915084839,0.0002773855924606323,0.0002911040067672729,0.00023952000141143798,0.00019026399850845336,0.0002628655910491943,0.0001932927966117859,0.00019818559885025026,0.00027644479274749757,0.00019357119798660277,0.00023606719970703125,0.00022134718894958498,0.0002013920068740845,0.0002507936000823975,0.00026634559631347654,0.00029746400117874145,0.00020836160182952882,0.00020278079509735108,0.0002612576007843018,0.00020954558849334718,0.00019866559505462647,0.00024252960681915282,0.0002816479921340943,0.0002565119981765747,0.0002616768002510071,0.0002703488111495972,0.0002878335952758789,0.0002706207990646362,0.0002566688060760498,0.0002721951961517334,0.00026347200870513915,0.0002919104099273682,0.00027371840476989745,0.0002369823932647705,0.0002317728042602539,0.0002446095943450928,0.0002679327964782715,0.00023650240898132323,0.0002394511938095093,0.00023420801162719727,0.0002463007926940918,0.0002395135998725891,0.00026991360187530517,0.0003092527985572815,0.00032119359970092775,0.0003695584058761597,0.0003958271980285645,0.00038001921176910404,0.0003128864049911499,0.00032652480602264405,0.0003730144023895264,0.0004036175966262818,0.00038656320571899417
Op.MASS.2D.P3,0.00021183353535353538,0.0004122192144393921,0.0005011360168457031,0.00042998080253601074,0.00046068801879882817,0.00048749442100524905,0.0005686111927032471,0.0004138591766357422,0.0004738687992095948,0.00040200958251953125,0.0005010256052017212,0.0004592496156692505,0.000535427188873291,0.0005906688213348389,0.0005295135974884034,0.000582476806640625,0.00045406877994537355,0.0005180096149444579,0.0004633152008056641,0.0004685823917388916,0.000509555196762085,0.0004353327989578247,0.0004036511898040772,0.0004662623882293701,0.0005537055969238281,0.0005441456079483032,0.0004630511999130249,0.0004818000078201294,0.0005416512012481689,0.0006346879959106445,0.0004978784084320068,0.00045403518676757817,0.00043887681961059575,0.00047982401847839357,0.0005217999935150147,0.0005371520042419433,0.0004212400197982788,0.00042979040145874026,0.00048491840362548826,0.00046065921783447266,0.000617247986793518,0.0004512832164764404,0.0005323503971099853,0.000524179220199585,0.0005892735958099365,0.0005546144008636474,0.000542848014831543,0.0005409744024276734,0.0005277024030685425,0.00043148319721221924,0.00042304320335388186,0.0004669663906097412,0.0005069199800491333,0.0005770368099212647,0.0004180271863937378,0.00048167359828948974,0.0005074463844299316,0.0004657087802886963,0.00046627361774444583,0.0004024719953536987,0.0005449503898620606,0.00045871520042419433,0.0005637311935424805,0.0004090496063232422,0.00047488319873809814,0.0004368256092071533,0.0005998319864273071,0.000459937596321106,0.0005243904113769531,0.0005957312107086181,0.0005372080087661744
Op.MASS.2D.P4,0.00042366707070707075,0.0008347856044769288,0.0008260448455810548,0.0006529248237609864,0.0008827615737915039,0.00073264319896698,0.0010750368118286134,0.001037660789489746,0.0011413151741027834,0.0007954655885696411,0.0008373104095458985,0.001156550407409668,0.0006907088041305543,0.0010060288429260254,0.0007176608085632325,0.0009962143898010255,0.0006867455959320068,0.0007893536090850831,0.0008670943737030029,0.0008413424015045166,0.0008713168144226075,0.001046241569519043,0.000764793586730957,0.0006570528030395509,0.0006804176092147828,0.0008980959892272949,0.0006878687858581543,0.000927510404586792,0.0010648096084594728,0.0008007552146911621,0.0010151328086853027,0.0007994112014770508,0.0009711584091186524,0.0009950048446655273,0.000954860782623291,0.0008750592231750488,0.0007883071899414063,0.0006913343906402588,0.0007358943939208985,0.0010730592250823975,0.0009249376296997071,0.0008958992004394531,0.000683462381362915,0.0008681392192840577,0.0007671823978424072,0.0008802576065063477,0.0008362112045288086,0.0006631807804107666,0.0008448848247528077,0.0007271584033966065,0.0011566399574279784,0.001050715208053589,0.0011739759922027588,0.0008261263847351074,0.0010856639862060547,0.0006813983917236329,0.0008094016075134278,0.0008797760009765626,0.0008627903938293457,0.0008530079841613769,0.0006857151985168457,0.001009065580368042,0.0007020448207855224,0.000779475212097168,0.0010159711837768556,0.0010286272048950196,0.0009394207954406738,0.0009096255779266358,0.0007790304183959961,0.0006546000003814698,0.000982763195037842
Op.MASS.2D.P5,0.0009267717171717173,0.0016818384170532229,0.0012063360214233398,0.0015572799682617186,0.0015469087600708006,0.001613822364807129,0.001654719924926758,0.0014898896217346192,0.0016341615676879885,0.0015813263893127442,0.0011821887969970704,0.0013685472011566162,0.001183347225189209,0.0016291007995605468,0.0012225215911865234,0.00187150239944458,0.0012505855560302735,0.0015691135883331298,0.001419814395904541,0.0018404640197753905,0.001320975971221924,0.001887164878845215,0.0016101856231689454,0.0016705647468566896,0.0014995871543884277,0.0012748607635498046,0.0013705920219421385,0.0015593055725097655,0.001231380796432495,0.001569975996017456,0.0012647840023040772,0.0018488479614257815,0.001930081558227539,0.0019523280143737792,0.0014999391555786132,0.0016431903839111328,0.001719923210144043,0.0017928592681884766,0.0013690384387969972,0.0012844223976135253,0.0016079679489135743,0.0018726623535156252,0.0015925408363342286,0.0015916704177856445,0.001730072021484375,0.0019589648246765134,0.0012342656135559084,0.0016567232131958008,0.001954441547393799,0.0013889120101928712,0.001831443214416504,0.00169411039352417,0.0012208255767822264,0.002006217670440674,0.001988559913635254,0.0016159215927124024,0.0014655584335327148,0.0016910287857055664,0.0012707647800445556,0.0015915936470031738,0.0020300767898559567,0.0017784223556518556,0.002110006332397461,0.0016119840621948243,0.0016388383865356447,0.0020702207565307614,0.0021435808181762693,0.001233030414581299,0.0015299279689788819,0.0016801167488098144,0.0016832063674926759
Op.MASS.2D.P6,0.0016311182222222222,0.00242959041595459,0.002789363193511963,0.001960793685913086,0.002492214393615723,0.002588572883605957,0.0026401727676391602,0.0024717376708984374,0.0018997023582458497,0.0025508800506591793,0.0026121280670166015,0.0025191280364990232,0.0019551631927490236,0.002684732818603516,0.0025610671997070315,0.0025188048362731934,0.0029983808517456056,0.001819067192077637,0.0027003103256225585,0.003274415969848633,0.0019285568237304687,0.0025280767440795902,0.0018875008583068846,0.003112748718261719,0.001954812812805176,0.0019341888427734375,0.0026333967208862306,0.0028197695732116697,0.0029574352264404302,0.0025745023727416993,0.00276243839263916,0.002775391960144043,0.0025241392135620117,0.0025337743759155274,0.0030765151977539063,0.0026656383514404294,0.002620035171508789,0.0025320976257324217,0.0030527744293212893,0.001971049690246582,0.002988916778564453,0.002929596710205078,0.0019477024078369141,0.0030199424743652344,0.0019663680076599122,0.0020580127716064455,0.0031163808822631837,0.002965401554107666,0.003183569622039795,0.003034249687194824,0.002550774383544922,0.003297235107421875,0.0033047359466552733,0.0025851360321044923,0.003222070503234863,0.002030950355529785,0.0019489791870117188,0.0019262720108032228,0.002082419204711914,0.0030678335189819337,0.002866982460021973,0.0032668960571289062,0.00335183048248291,0.003251865768432617,0.002594396781921387,0.0018945072174072265,0.0033304798126220707,0.0019459520339965822,0.0027494720458984376,0.0029100351333618164,0.0031638208389282224
Op.MASS.2D.P7,0.0026691025454545457,0.002823017802332666,0.004364956665039063,0.0038960527420043947,0.0037240161895751955,0.003944644737243652,0.004088063812255859,0.0028348719596862793,0.003907449531555175,0.004118649673461914,0.003918056106567383,0.004127795028686524,0.0028423808097839355,0.003919151878356933,0.00417046890258789,0.004051513671875,0.0030336095809936525,0.004114672088623047,0.004218227195739747,0.003078278350830078,0.004181644821166992,0.0028797648429870607,0.004639873504638672,0.003773321533203125,0.003689081764221191,0.0036648927688598633,0.0028195936203002933,0.00377770881652832,0.0044474784851074225,0.0038646097183227543,0.003930912017822266,0.002988211250305176,0.003997382354736328,0.005253454399108887,0.0030097951889038084,0.0039349632263183595,0.005840462493896485,0.004392147064208984,0.005255027198791505,0.005992700958251954,0.0029962560653686524,0.003775446319580078,0.0035249855041503907,0.0053402145385742185,0.002833641624450684,0.005415055847167969,0.00343559684753418,0.005248848152160646,0.0037985248565673827,0.003777510452270508,0.0031830255508422853,0.0038773729324340822,0.0031942048072814942,0.0029847536087036133,0.006005235290527344,0.00296083517074585,0.006607041549682617,0.003632391929626465,0.0035825664520263674,0.00533757438659668,0.005336777496337891,0.0032507232666015625,0.002890912055969238,0.003639860725402832,0.005303494262695312,0.0040833278656005854,0.0046186511993408196,0.004190630531311036,0.0029324944496154784,0.004208577537536621,0.003291888046264648
Op.MASS.2D.P8,0.004369066666666667,0.004678798484802247,0.006121535873413086,0.005998646545410156,0.00635590877532959,0.005913235092163086,0.0051255025863647455,0.0063382608413696286,0.004806028747558594,0.006667529678344726,0.005850982475280762,0.006328563308715821,0.006266398239135743,0.004693926420995516,0.006197542572021485,0.006380891227722168,0.006079068756103516,0.005729529571533203,0.004740540435637243,0.006148912048339844,0.005900972747802735,0.006165769577026367,0.006487873458862305,0.006649444961547852,0.0047455753707202715,0.004586798267079795,0.006331036758422851,0.005955011367797852,0.006530163192749024,0.004975520133972168,0.00459928150177002,0.006584324645996094,0.00650771713256836,0.006160406494140625,0.006268128013610839,0.0064233406066894535,0.004567715599052732,0.006216838455200195,0.00612592658996582,0.007254553222656251,0.006246316909790039,0.006368028831481933,0.006019913482666016,0.004626947596607165,0.0046029913186720105,0.006181660842895508,0.006902118682861328,0.007522652435302734,0.005923622512817383,0.006254598236083984,0.005933657455444336,0.009037254333496093,0.006544609451293946,0.006174745559692383,0.00831569595336914,0.006824649810791015,0.005941574478149415,0.0046752304077148435,0.006043132781982422,0.009334822082519532,0.008384928131103517,0.0046393308892008515,0.004563456702061709,0.00634588794708252,0.006589243316650391,0.004586300735283287,0.006429739379882813,0.007325516510009766,0.004748420135535546,0.007206813049316406,0.004578313105665737
Op.LAPLACE.2D.P1,2.1898717866666667e-05,7.192000150680541e-05,nan,nan,nan,nan,nan,nan,nan,nan,nan,nan,nan,nan,nan,nan,nan,nan,nan,nan,nan,nan,nan,nan,nan,nan,nan,nan,nan,nan,nan,nan,nan,nan,nan,nan,nan,nan,nan,nan,nan,nan,nan,nan,nan,nan,nan,nan,nan,nan,nan,nan,nan,nan,nan,nan,nan,nan,nan,nan,nan,nan,nan,nan,nan,nan,nan,nan,nan,nan,nan
Op.LAPLACE.2D.P2,6.35500606060606e-05,0.00023802399635314942,0.0001885215997695923,0.00019573600292205811,0.00021236159801483155,0.0002228399991989136,0.0001885983943939209,0.0003194272041320801,0.00022997599840164184,0.0003149440050125122,0.0002125328063964844,0.0002532639980316162,0.00018669919967651368,0.0003323391914367676,0.00025430560111999517,0.00020162239074707032,0.00025712639093399047,0.00018816959857940674,0.0002431312084197998,0.00021722559928894042,0.00019743360280990603,0.0003009151935577393,0.0002319839954376221,0.0002288912057876587,0.00018862719535827637,0.0001869503974914551,0.00025914720296859743,0.00021534080505371096,0.00032221119403839113,0.0002638543963432312,0.00020426878929138184,0.0002589328050613403,0.0003401151895523071,0.0002400480031967163,0.0003156512022018433,0.00034072320461273195,0.0003612384080886841,0.00024128000736236573,0.00031048638820648194,0.0003415872097015381,0.0003653183937072754,0.0002131343960762024,0.00022343358993530274,0.0002639583945274353,0.0002632607936859131,0.00021528639793395995,0.0002251039981842041,0.00026344479322433473,0.0002642112016677857,0.0002949696063995361,0.0003509952068328858,0.00038517439365386966,0.0004138223886489868,0.000293721604347229,0.00035293118953704834,0.0003898383975028992,0.00041723358631134033,0.0002417504072189331,0.00019489599466323854,0.0002897248029708862,0.00022810560464859008,0.00021071040630340576,0.0003102144002914429,0.00032674400806427,0.00026801759004592895,0.00024765759706497193,0.00019780640006065368,0.0002997663974761963,0.00023243839740753175,0.0003197119951248169,0.00021834559440612794
Op.LAPLACE.2D.P3,0.00021183353535353535,0.0004293344020843506,0.0004192800045013428,0.0004005919933319092,0.00038333439826965335,0.0004158783912658691,0.00042808961868286133,0.0004155072212219239,0.00047767841815948484,0.0004357600212097168,0.0003951520085334778,0.000414355206489563,0.00041362881660461426,0.00041153597831726074,0.00046045761108398436,0.0004858224153518677,0.0004556096076965332,0.0004061616182327271,0.00039100799560546875,0.00045459198951721194,0.0004918448209762573,0.0004716399908065796,0.00047851839065551763,0.0004228912115097046,0.0004562816143035889,0.0004554111957550049,0.0004897680044174194,0.0004648575782775879,0.0004428240060806274,0.00044188318252563475,0.00045418558120727536,0.00040349121093749996,0.00046544480323791506,0.0005120736122131347,0.0004256832122802735,0.0004438720226287842,0.0004942624092102051,0.0004359920024871826,0.00042067201137542727,0.0004627488136291504,0.0005636847972869874,0.0004999584197998047,0.000466483211517334,0.00055207200050354,0.00045488638877868654,0.00038274400234222415,0.0004443071842193603,0.0004202784061431885,0.0004049088001251221,0.00041655039787292483,0.0004160384178161621,0.0004879744052886963,0.00043411839008331303,0.00041939041614532475,0.0004372896194458008,0.00038691519498825074,0.000413703989982605,0.0005021408081054687,0.00042735359668731685,0.0004641983985900879,0.00046593918800354005,0.00046277921199798587,0.00038846080303192137,0.00045859518051147465,0.0004779920101165771,0.0004121856212615967,0.00040770878791809086,0.0004876976013183594,0.0004644927978515625,0.00045866560935974124,0.00046167359352111817
Op.LAPLACE.2D.P4,0.0006355006060606061,0.0007471583843231201,0.000764137601852417,0.0008232079982757568,0.0006897543198201983,0.0009701616287231445,0.0009653263568878173,0.0009974559783935547,0.0010195584297180175,0.0008776031970977783,0.0007716320037841797,0.0009752351760864258,0.000793073606491089,0.0009264511585235596,0.000905884838104248,0.0006669280052185059,0.0008579392433166504,0.0008219967842102051,0.000748358416557312,0.0007957504034042358,0.0009085151672363281,0.0009213664054870606,0.0009736239910125733,0.0008878272056579591,0.0008255728244781494,0.0009503520011901857,0.0008638272285461426,0.0009402912139892578,0.0008461600303649902,0.0006945695877075195,0.0007901423931121826,0.0006990463972091675,0.0007186751842498779,0.0008665008068084717,0.0008797840118408203,0.0009443008422851562,0.0008489439964294434,0.0008719696044921874,0.0008260319709777833,0.0009921792030334474,0.0009578432083129883,0.0008892960071563721,0.0008326272010803223,0.0009886176109313964,0.001006180763244629,0.0008594592094421388,0.000858566427230835,0.0009468271732330322,0.0007535615921020508,0.0006695215270774352,0.0008164480209350587,0.0007541183948516846,0.000771070408821106,0.0007379663944244385,0.0010054895877838134,0.0009284351825714111,0.0009866928100585937,0.0009821871757507324,0.00102990403175354,0.0009424480438232423,0.0007590111970901489,0.0008140159606933594,0.0009116319656372071,0.0006726208209991455,0.0008272831916809083,0.0008976128101348877,0.0007230144023895264,0.0007997632026672363,0.000918131160736084,0.0009535679817199707,0.0007147359848022461
Op.LAPLACE.2D.P5,0.001186267797979798,0.0012661791801452638,0.0012236767768859865,0.001752135944366455,0.0013640159606933594,0.0012866191864013671,0.0012975423812866213,0.0012850784301757811,0.001329849624633789,0.00127964858621436,0.001328332805633545,0.0013656800270080568,0.0012427805635618374,0.0013459440231323241,0.0012285951614379883,0.001368614387512207,0.0014299808025360107,0.0012597644076564741,0.0014809375762939454,0.0015726719856262207,0.0014257920265197755,0.0012728352646085423,0.0015463871955871582,0.0015250463962554932,0.0015507007598876954,0.0012661525413128296,0.0016022239685058596,0.0013412384033203125,0.0014537247657775878,0.0015088624000549316,0.001287835820112175,0.0012824914223237378,0.0014909135818481447,0.0014646464347839356,0.0012528902672751397,0.0016147103309631348,0.0013582207679748537,0.0013753888130187987,0.0014569664001464844,0.001374847984313965,0.0014567872047424317,0.0017571552276611328,0.0016567968368530273,0.0014031583786010742,0.0017059680938720703,0.001540559959411621,0.0017098976135253908,0.001305251216888428,0.001298089599609375,0.0017043807983398438,0.00165296630859375,0.0017920032501220703,0.001655913543701172,0.0012541319100512693,0.0014791279792785645,0.0016465887069702148,0.00128471999168396,0.001415123176574707,0.001737174415588379,0.0018377344131469727,0.0019827392578125,0.0013003599643707274,0.0017469264030456544,0.0015565968036651613,0.0016316224098205567,0.0014310784339904787,0.0012626815795898439,0.0012385647773742675,0.001755824089050293,0.0013486688137054443,0.0012965151786804199
Op.LAPLACE.2D.P6,0.0024713912457912457,0.0026422183166616713,0.0025555295944213866,0.0025746651927495917,0.003053052711486816,0.002673574447631836,0.0025764232259614895,0.00260854411460223,0.0026124135866900234,0.002608224247351992,0.0026416259230080323,0.0028442095756530763,0.002670608317167307,0.0026045912574588327,0.003153164863586426,0.002626306082274519,0.002650542258403726,0.0030447296142578125,0.0026307252946634976,0.0026112319946289065,0.0025862748323949077,0.002549145603179932,0.002737779235839844,0.002581460216013676,0.002645146111799376,0.0026211612733015523,0.0026492207853810786,0.0026186316638213154,0.002566441535949707,0.002752191925048828,0.002595014381408691,0.002647399784315469,0.002795249652862549,0.0031087135314941407,0.0029903311729431153,0.0026413212844902316,0.0025861896868336455,0.0030687456130981446,0.0030490976333618167,0.0026600233324280066,0.002615429525506656,0.00267651793785339,0.0025924434050203604,0.002597407230848749,0.0028854463577270505,0.002926425552368164,0.0026586255404365223,0.0026968959808349614,0.002566697692871094,0.003308963012695313,0.0027434911727905274,0.002587683368603021,0.002679471728319018,0.0028271663665771487,0.003112729644775391,0.002803003215789795,0.002647603325972365,0.0026688568158813836,0.0033154590606689453,0.003095635223388672,0.0028288271903991703,0.0027041343688964845,0.0028380640029907226,0.0031819695472717286,0.002731852722167969,0.0025560336112976072,0.0026347073353083545,0.002596400202107147,0.0031128095626831056,0.0026596243267377755,0.002613910484313965
Op.LAPLACE.2D.P7,0.004194304,0.004480222510460153,0.004602791976928711,0.004520013838767061,0.004541107853556731,0.004705177688598633,0.004446824509662723,0.004500578032446026,0.004429605554605989,0.004519818539023089,0.004453657531738282,0.004379630131894475,0.004487785387911862,0.00453821044436622,0.004759046363830567,0.0044376452690266825,0.004382368148600248,0.004473375121394092,0.004377348885493069,0.00446204531421476,0.004828860855102539,0.004476267945097829,0.004439316359821172,0.004369959503064381,0.004378381001819802,0.0044696248185943635,0.004413620539351657,0.004462514947230216,0.004456466865078265,0.004449740982055664,0.004408414391661371,0.004478289182409038,0.0044179431872971445,0.0048340576171875,0.004875494384765626,0.004422292107114574,0.004770032119750977,0.005038651275634765,0.004381469935019972,0.004499148941040039,0.004536357585962675,0.004418961321514792,0.004382318811786423,0.004374913339147331,0.004556112887583415,0.004996028900146485,0.004394032075720974,0.005189761734008789,0.004372492689576571,0.004833200073242188,0.005313087844848633,0.004790838241577148,0.004859231948852539,0.004713081550598144,0.005552428817749023,0.004773481750488281,0.004376870228789835,0.0055856159210205085,0.005539468765258789,0.005060235214233398,0.004529727805103984,0.004772278213500977,0.004722758483886719,0.004374055128219298,0.005166099166870117,0.004389195598934611,0.004401643629601901,0.00435288314819336,0.004465828531950747,0.004676833724975586,0.004513426173155108
Op.LAPLACE.2D.P8,0.006672756363636364,0.011264963531494141,0.0073004096984863286,0.008652806091308595,0.010660707092285155,0.007008644066556023,0.007894300842285156,0.008554370880126953,0.007976118469238281,0.010147122955322265,0.0076425949096679685,0.006973005571365851,0.008143875122070312,0.007379216003417969,0.008215135955810547,0.009090966033935548,0.007170032452262776,0.008135846710205077,0.007339609527587891,0.007086935466241461,0.007116011942280345,0.00730578842163086,0.007185852813720703,0.007227878570556641,0.006970823968252587,0.0072402435511076625,0.0070292796873380374,0.010068380737304688,0.007064295433395095,0.00805199966430664,0.01058760986328125,0.008300240325927735,0.0072440621140929485,0.007033068991671493,0.007247956596930974,0.007406307220458984,0.00848880615234375,0.007021603381300146,0.010757990264892579,0.00752674560546875,0.007004921722412109,0.008546809387207031,0.007094825029011535,0.007760886383056641,0.00723156509399414,0.008224230194091797,0.00697138127493821,0.006960214233398437,0.007232216789071196,0.00689764175415039,0.00699705083970181,0.007232026312726498,0.007146020132630832,0.008760246276855468,0.00823187484741211,0.007553955078125,0.007241379547119141,0.0071197943739166715,0.006960630767315925,0.0070799281752221225,0.007172272250120457,0.007241228485107423,0.008705728149414062,0.007756665802001953,0.007177576657682469,0.006983342381833356,0.0071824613328275565,0.007213929574557982,0.007163197346839144,0.008606655883789064,0.00707275666426841
Op.HELMHOLTZ.2D.P1,2.1898717866666667e-05,7.182400226593018e-05,nan,nan,nan,nan,nan,nan,nan,nan,nan,nan,nan,nan,nan,nan,nan,nan,nan,nan,nan,nan,nan,nan,nan,nan,nan,nan,nan,nan,nan,nan,nan,nan,nan,nan,nan,nan,nan,nan,nan,nan,nan,nan,nan,nan,nan,nan,nan,nan,nan,nan,nan,nan,nan,nan,nan,nan,nan,nan,nan,nan,nan,nan,nan,nan,nan,nan,nan,nan,nan
Op.HELMHOLTZ.2D.P2,0.00019065018181818182,0.00021942400932312012,0.00021077120304107666,0.0003723871946334839,0.0002893824100494385,0.00040744798183441164,0.0002901887893676758,0.0002270591974258423,0.00021735360622406006,0.0002272655963897705,0.00024822399616241455,0.00032882559299468996,0.00042721760272979736,0.00024315359592437747,0.0002446176052093506,0.0003461008071899414,0.00023163199424743652,0.00033591039180755615,0.00025956799983978273,0.0004009584188461304,0.00047493758201599127,0.00029737759828567505,0.00021452159881591798,0.0003580367922782898,0.00022778239250183105,0.00022835359573364258,0.0004343727827072144,0.00022271358966827393,0.00033259520530700684,0.0002484544038772583,0.0002320863962173462,0.0002981375932693481,0.00041414399147033694,0.000506932806968689,0.000246614408493042,0.0002302112102508545,0.00035470080375671386,0.00026164960861206057,0.00024062399864196776,0.00034184319972991944,0.0004014016151428223,0.00039698879718780516,0.0004073311805725098,0.00044235200881958007,0.0005273967981338501,0.00041881918907165527,0.00039934720993041993,0.0004454751968383789,0.0004092111825942993,0.0005344112157821656,0.0004246544122695923,0.00028845438957214353,0.0003182464003562927,0.000291156804561615,0.0003438591957092285,0.0003072128057479858,0.0002930975914001465,0.0003234944105148315,0.0002939136028289795,0.00031197760105133057,0.000349782395362854,0.00047050881385803225,0.0005143775939941407,0.0005115120172500611,0.0005852255821228027,0.0005335920095443726,0.00047648959159851076,0.0005180287837982178,0.000516478419303894,0.0005898607969284059,0.0005407104015350342
Op.HELMHOLTZ.2D.P3,0.0006355006060606061,0.000667270396563903,0.0006743291257731287,0.0006822066212745279,0.0006785796562278699,0.0007793951988220215,0.0007043503999710083,0.0006670347829234121,0.0007585792064666748,0.0006724445349880984,0.0006631104664564396,0.000671236801147461,0.0007354575872421265,0.0007317071914672852,0.0006798425356520663,0.0008305327892303467,0.0006745542906958735,0.0007356063842773438,0.0007954048156738281,0.0007571135997772217,0.0007285184144973755,0.0006733731538575041,0.000666190923817736,0.0007014976024627686,0.0008168031692504883,0.0006768991947174072,0.0008613056182861328,0.0007662047863006592,0.0008066688060760498,0.0009093071937561035,0.0007349855899810791,0.0006864199656707457,0.0006787647933392197,0.0007073472023010254,0.0007785888195037843,0.0008906656265258789,0.0007459263801574708,0.0007540895938873291,0.0006770496129989625,0.0008552032470703125,0.0009427840232849121,0.0008202463626861573,0.000902131175994873,0.0008826608180999756,0.0008673759937286377,0.0008938848018646241,0.0007920288085937501,0.0007449952125549316,0.0009306271553039552,0.0006644727068327265,0.0006894705131198069,0.0006669063944566297,0.0006785075626416587,0.0007111535787582398,0.0006667077564435845,0.0007356591939926148,0.0006904626912465205,0.0007011871814727784,0.0006636832237243653,0.0006799693458444022,0.0007411551952362061,0.0006884080695400909,0.0008204015731811523,0.0006717022805339197,0.0007540256023406983,0.0006826337613605625,0.0007374815940856934,0.0007355792045593262,0.0007540800094604492,0.0008297423839569092,0.000670356798171997
Op.HELMHOLTZ.2D.P4,0.0012710012121212122,0.0013270670657699467,0.001373947403247439,0.0013314613657715814,0.0013779604805268253,0.0013590240874113027,0.001430019235610962,0.0018192031860351564,0.0014949312210083008,0.001444764804840088,0.001496732807159424,0.001978780746459961,0.001356181678067447,0.0013527708217328975,0.0013252593262668012,0.0015132927894592285,0.0013364503286840983,0.0014870976448059083,0.0015982048034667968,0.0013632169869404254,0.0013655029296479211,0.002191958427429199,0.0014822944164276123,0.0013315538802613081,0.0013305398265344493,0.0013515132050811827,0.0013611475226852105,0.001405843210220337,0.001631455993652344,0.001492633628845215,0.0014564991950988771,0.001556556797027588,0.0014494720458984377,0.002189819240570068,0.0014725264072418215,0.001324240039754323,0.0015762911796569825,0.0013276832103729249,0.0013628026779702515,0.0023310367584228517,0.0013706347119206935,0.002014646339416504,0.0013306071918809646,0.0016194080352783203,0.0015751391887664796,0.0013343936985513245,0.0013425375519775142,0.0013262576893189853,0.0013280702735328606,0.0013379946861602268,0.0014930720329284668,0.0017487759590148926,0.001917932891845703,0.0015365871906280518,0.0014120256423950195,0.0013423935890197753,0.0015855567932128905,0.0013316888618502961,0.0014934240341186525,0.0013668357092578853,0.0013730906943539116,0.0014534175872802735,0.0013424143335709088,0.001380297565460205,0.0013398921114382207,0.0014586943626403808,0.0014071104049682617,0.0013715611735644485,0.0017240432739257813,0.0013581651393086637,0.0014254528045654297
Op.HELMHOLTZ.2D.P5,0.0027803151515151513,0.002950074126475877,0.002947955234782994,0.0036344335556030274,0.0029967875263472617,0.0029545104588159727,0.002954835447857931,0.003293814468383789,0.0030104410125653324,0.002898342293504018,0.0029488232248129926,0.003021239826796874,0.0029238591879064083,0.0028987867436867697,0.0029465138512603383,0.0029806529896931676,0.0029976433707333064,0.0029362256029016862,0.002996661217981824,0.0029480362580393818,0.003091436767578125,0.002944969681412265,0.0029007032601733387,0.0031200607299804685,0.003012616142712438,0.002957785496581582,0.0029273750602029094,0.002998973068097762,0.0029719377657417565,0.0030138400788632656,0.0029296226844838496,0.00301059327730597,0.0029710453651714853,0.0034031278610229493,0.0029115049279435042,0.002961272554912395,0.002906744353704406,0.0028728160858154297,0.002924687418689941,0.0032902881622314454,0.002906415940834027,0.003005433803383929,0.0030124467154494174,0.0030128693467057145,0.0031281999588012696,0.002912074368158501,0.0033595537185668947,0.0029410033417273463,0.0029582136361715737,0.0031736127853393553,0.0031344319343566893,0.003629395294189453,0.0030007446416543196,0.0029360759244297582,0.0029808657242064167,0.00306694393157959,0.0037972095489501954,0.003020147228240967,0.0029532095909118655,0.0029314761488696923,0.0034768798828124997,0.0032699775695800783,0.0033480895996093754,0.0029627803080352856,0.0030882144927978517,0.0029813488006591796,0.003568979263305664,0.002956842195277782,0.0029217677780582927,0.003009944350772499,0.0031318655967712402
Op.HELMHOLTZ.2D.P6,0.004893354666666667,0.005877529525756836,0.005273640024106721,0.005138321740249076,0.0052081684420979815,0.007690207672119141,0.005099646519604699,0.008687014770507812,0.005276891072604038,0.005105110752168447,0.005139880386898656,0.005123782348632813,0.005209850922803272,0.005988768005371094,0.005137157145048938,0.005183012743834576,0.005171559525556071,0.005115641407282991,0.005303812374973253,0.005132533132378478,0.005232009055665067,0.005606828880310059,0.005244630444238116,0.005098513385566984,0.0057182544708251955,0.005144143925678805,0.006039039993286133,0.006715062713623047,0.005316255950927735,0.005208902668973788,0.005970095825195313,0.005222892349918323,0.005123388904644282,0.005057625579833984,0.005298862893984399,0.005159933605061349,0.005142421771674258,0.0051402519948501695,0.005245363291794937,0.005140804368516283,0.005267260997958445,0.0052363776269856626,0.005224047730585572,0.005196539491548432,0.005838166236877442,0.005292948189977264,0.005738699150085449,0.00522639122830553,0.0053187942329504375,0.005352604675292969,0.006502647781372071,0.005152118645525328,0.0051288991740862785,0.0052869280381279095,0.005160942132090941,0.0051355248416798255,0.005101106763823975,0.005150113487243653,0.005349609756469727,0.00513063836669238,0.005222562779190158,0.005906918334960937,0.005101561915741389,0.005102775767298247,0.005204882060578233,0.005843643188476562,0.0051378816604614255,0.005150152272343034,0.00543713607788086,0.005115609981414157,0.00521098569929889
Op.HELMHOLTZ.2D.P7,0.008007307636363637,0.0084459680527529,0.008593772724136292,0.008422484839274793,0.008492866996769832,0.008668226948743104,0.00855796824560112,0.0086757795709354,0.008527060282998575,0.00854439475346191,0.00854614646345289,0.008487244201425386,0.008657413354314475,0.008364027064112399,0.008452215187937212,0.008402641373241511,0.008376965978141816,0.008488316764170167,0.008688402557205962,0.008442435195817341,0.008493464776478245,0.008401874016747501,0.008506770601651241,0.00840635950765151,0.00834198462492972,0.008572930815829473,0.008639355473701218,0.008557860547623735,0.008427662594677298,0.008540498132044144,0.00848649589248691,0.00865566602221899,0.008437227042876956,0.00859888240314137,0.008632055200241222,0.008388849279782102,0.008601993560791017,0.008495127480098667,0.008524034998597736,0.008376257044088445,0.008671167940479833,0.008447897794074814,0.008581226118168101,0.008637719594546534,0.008455518201814468,0.008568429418762784,0.008580522276926586,0.008360565693871582,0.008628825232962963,0.010091664123535158,0.008514001887799109,0.008694517726529703,0.008642209980926185,0.008780441284179688,0.008381659809329804,0.008414839120197156,0.008497860036999058,0.008620221451005099,0.008497531022735252,0.00869900122884793,0.008441898733861935,0.008440561424510145,0.008465800124696662,0.00847824401597397,0.008675788813372401,0.008611339369001964,0.008491536468137805,0.008556941641578227,0.008343718618553828,0.008367531417791941,0.008646450526102314
Op.HELMHOLTZ.2D.P8,0.0131072,0.014640643310546875,0.013890654828058627,0.013828368730312509,0.01457947235107422,0.014162876196859134,0.02324773406982422,0.014055920883299225,0.017252770996093753,0.013816880380300359,0.013709824612281126,0.021032009887695314,0.014038369153089184,0.014100468767655194,0.013755472298744133,0.013893586628525967,0.013957735004505024,0.022058435058593753,0.014090036385991671,0.01384986572265625,0.014202091282610988,0.014235882601414701,0.013896540050338649,0.014129552062671068,0.013667266554401373,0.02020259552001953,0.014180691243848324,0.013972316195694147,0.014006615306328409,0.014104494094295572,0.01379777550429732,0.013859080177888703,0.014092521667480469,0.013811150073679243,0.014195846182347567,0.017347314453125002,0.014031756105355564,0.013932071667531404,0.01435061798095703,0.013987446129980418,0.014221841021407331,0.014127774947113063,0.013684680004002445,0.021227273559570315,0.014146962271194621,0.013738021174556359,0.013755272997213693,0.01830347137451172,0.014008630877924201,0.013963566831513287,0.01375419640434973,0.013837436782656665,0.015546386718750001,0.013746728759493586,0.013792640969222131,0.013831254277946299,0.01370302157094243,0.013754886154654197,0.014136896060751322,0.02215887603759766,0.019539337158203125,0.014077900695800782,0.013798084277982462,0.014193464855943782,0.017466204833984374,0.013987962558925326,0.014005362863206706,0.013661692810058593,0.014122818120823936,0.013688750060329385,0.014188489655629462
Op.ELASTICITY.2D.P1,3.0122734933333335e-05,0.00014326399564743041,nan,nan,nan,nan,nan,nan,nan,nan,nan,nan,nan,nan,nan,nan,nan,nan,nan,nan,nan,nan,nan,nan,nan,nan,nan,nan,nan,nan,nan,nan,nan,nan,nan,nan,nan,nan,nan,nan,nan,nan,nan,nan,nan,nan,nan,nan,nan,nan,nan,nan,nan,nan,nan,nan,nan,nan,nan,nan,nan,nan,nan,nan,nan,nan,nan,nan,nan,nan,nan
Op.ELASTICITY.2D.P2,9.572276906666668e-05,0.0004990848064422607,0.00046621122360229495,0.0004343008041381836,0.0004454751968383789,0.00043633599281311036,0.00046062400341033937,0.0005313087940216065,0.00046632962226867677,0.0005626512050628662,0.00043334078788757327,0.00048323841094970703,0.00046042561531066894,0.0006077983856201172,0.0005068575859069824,0.00046106557846069333,0.0005294496059417725,0.0004663616180419922,0.0004962159872055054,0.0004476255893707275,0.0004326575994491577,0.0005326303958892823,0.00046546239852905273,0.00043719677925109865,0.00046075360774993897,0.00046047840118408205,0.0004855008125305176,0.0004308576107025147,0.0005577903985977173,0.0005335376024246216,0.00046148481369018556,0.0005278671979904175,0.0006016096115112305,0.0005139167785644531,0.0005514991998672486,0.0005729119777679444,0.000637398386001587,0.0005103087902069091,0.0005505167961120606,0.0005726463794708252,0.000643937611579895,0.0004477168083190918,0.00044808001518249513,0.0004622623920440674,0.0004973104000091553,0.00045016322135925293,0.00045038080215454104,0.00046299519538879397,0.0005008128166198731,0.0005570736169815063,0.0005882239818572999,0.0006049376010894775,0.0006486783981323242,0.0005637408018112183,0.0005931583881378174,0.0006041887998580932,0.000654911994934082,0.0004984511852264404,0.00043196318149566653,0.0005380719900131226,0.00046519999504089356,0.00042978878021240235,0.0005507280111312865,0.0006137631893157959,0.0005212784051895141,0.0005049056053161621,0.00043749117851257324,0.000542086410522461,0.0004656383991241455,0.0005569743871688843,0.0004313872098922729
Op.ELASTICITY.2D.P3,0.00021183353535353535,0.0008915583610534667,0.000983455991744995,0.0008356544017791748,0.0008819327831268311,0.0009545951843261719,0.0008661856174468994,0.0009271536350250244,0.0009657040119171143,0.0009903903961181642,0.0008570112228393556,0.0008595040321350098,0.0009093631744384766,0.0009189248085021973,0.00095665283203125,0.0010286960124969483,0.0008835728168487549,0.0008976367950439453,0.0008496223926544189,0.0008458879947662353,0.0009424799919128419,0.0009929823875427246,0.0010033999919891357,0.0009388319969177246,0.0009296688079833985,0.0009961983680725098,0.0009346783638000489,0.0010427023887634277,0.0009789440155029297,0.0009726112365722656,0.0008916607856750488,0.0008837584018707276,0.0009897600173950196,0.0010301376342773437,0.0009337887763977051,0.0009643375873565675,0.0010761247634887697,0.0009004063606262207,0.0008949392318725587,0.0009951999664306642,0.0009716959953308106,0.0009381312370300293,0.001029652786254883,0.001014812755584717,0.0008929887771606446,0.0008823679924011231,0.0009032959938049316,0.00098372802734375,0.0008392928123474122,0.0009452559947967529,0.0009227807998657227,0.0009432512283325195,0.0008625423908233643,0.0008566399574279786,0.0009720735549926758,0.000856112003326416,0.0008900223731994628,0.0009413824081420898,0.0009388447761535645,0.0009746463775634766,0.0009283487796783447,0.0008869215965270996,0.0008461055755615235,0.000840390396118164,0.0010057695865631103,0.0009144656181335449,0.0008862175941467286,0.0009959424018859864,0.0009249664306640625,0.0010201856136322022,0.0009190752029418945
Op.ELASTICITY.2D.P4,0.0006355006060606061,0.0014789904117584228,0.001364735984802246,0.002057619285583496,0.0016148591995239258,0.001749051284790039,0.002243379211425781,0.0022059103965759276,0.0017706911087036132,0.002158880043029785,0.00178930082321167,0.0021569120407104493,0.0017390224456787107,0.0021708831787109377,0.0017685087203979492,0.0014682656288146972,0.002011664009094238,0.001598095989227295,0.0016821311950683594,0.0016813039779663085,0.0016213375091552735,0.0017154176712036134,0.001744838333129883,0.002065888023376465,0.0016802415847778321,0.001672020721435547,0.002014697551727295,0.0023103760719299315,0.0024320367813110352,0.0015616703987121584,0.002093704032897949,0.001932256031036377,0.001532265567779541,0.002115359973907471,0.0016933135986328125,0.0024428159713745117,0.001726588821411133,0.001731825542449951,0.002049190330505371,0.00215596809387207,0.002083268737792969,0.0025088191986083986,0.0017117696762084962,0.0018691824913024903,0.0025391263961791993,0.002127614402770996,0.0024656000137329103,0.0022446847915649415,0.0019699552536010744,0.001672771167755127,0.0020278304100036625,0.0014869791984558106,0.0013688544273376465,0.0016998239517211915,0.0021593471527099613,0.002131782341003418,0.0021154128074645996,0.0017322879791259766,0.00183756160736084,0.002192739200592041,0.0016889215469360352,0.001589628791809082,0.0017419040679931641,0.00140098876953125,0.0018871456146240236,0.002070672035217285,0.0015936127662658692,0.0016280688285827637,0.001615278434753418,0.002390953540802002,0.0014902720451354982
Op.ELASTICITY.2D.P5,0.001186267797979798,0.002204592037200928,0.0023588512420654297,0.0034153966903686522,0.0024036639213562013,0.002653883171081543,0.003048995208740235,0.0030107647895812988,0.0027463359832763674,0.002399187183380127,0.0029065216064453124,0.002848643207550049,0.0024580511093139647,0.0024622463226318357,0.0024322272300720217,0.002837407970428467,0.002426511955261231,0.0023351232528686524,0.002814700794219971,0.003125580787658691,0.00291049919128418,0.002937494468688965,0.003485084915161133,0.002603286361694336,0.002979918384552002,0.0020709487915039062,0.003032614326477051,0.0031611328125,0.0031337471961975097,0.003336539268493652,0.002768911933898926,0.002990225601196289,0.0034665374755859374,0.0033107200622558594,0.0026195552825927734,0.0035600734710693363,0.003106656074523926,0.0032189504623413084,0.0033852191925048828,0.0034298288345336915,0.0031859599113464357,0.0038508848190307618,0.0033557167053222658,0.0033531936645507816,0.0032809631347656253,0.0033222015380859372,0.003710396957397461,0.002666428852081299,0.0027217344284057618,0.0033514528274536134,0.003674550437927246,0.00346146240234375,0.0034654399871826176,0.0028444512367248537,0.0032548927307128905,0.0036427471160888673,0.002770540809631348,0.002931958389282227,0.003710784149169922,0.00396624641418457,0.0034015377044677737,0.0025424976348876953,0.0033616783142089842,0.0029360063552856443,0.003097747230529785,0.0022711551666259764,0.0021912976264953617,0.0022379711151123047,0.0033586801528930664,0.0026737696647644044,0.0029717280387878417
Op.ELASTICITY.2D.P6,0.002471391245791246,0.005231745719909668,0.0048473567962646485,0.004694638442993164,0.00461962890625,0.004890771102905274,0.0052733726501464845,0.005157163238525391,0.005347404861450196,0.004539244842529297,0.005650412750244141,0.00493045768737793,0.0052367456436157225,0.005747368049621582,0.005029737663269043,0.00576488971710205,0.0061449665069580085,0.006160406494140625,0.005850254440307618,0.005332905578613281,0.004828819274902344,0.005359600067138672,0.004944147109985352,0.004659478378295898,0.0047431262969970705,0.004580171203613281,0.005342502212524414,0.0052266368865966795,0.005418799972534179,0.004995788955688477,0.005749881553649902,0.00530428466796875,0.0058213550567626955,0.0058296848297119145,0.0050907455444335935,0.00627986068725586,0.0059045375823974615,0.006292657661437989,0.00539510726928711,0.004277228927612305,0.004059030532836914,0.0047940673828125,0.005022790336608887,0.004861532974243164,0.00457612476348877,0.0047491744995117186,0.004767430496215821,0.005097662353515625,0.00528048324584961,0.004382463836669922,0.0046691488265991204,0.005134288024902343,0.0049195617675781254,0.004833119964599609,0.005539968109130859,0.0047589935302734376,0.005402412796020508,0.004899945449829102,0.0050478767395019525,0.005443363189697265,0.004357648086547852,0.004108748626708985,0.004754777526855469,0.004868492889404297,0.0045797536849975585,0.004638603210449219,0.0049320766448974615,0.005356857681274415,0.004831919860839844,0.004448121643066406,0.005196537590026855
Op.ELASTICITY.2D.P7,0.004194304,0.007112572479248047,0.010817692565917969,0.009319878387451172,0.008839366149902344,0.00895031967163086,0.007326889801025391,0.007490473937988282,0.007784982299804687,0.006524795150756836,0.007571949005126953,0.007375929260253907,0.008265760040283203,0.006569009780883789,0.007326445007324219,0.007823766326904296,0.0070433212280273435,0.006303615951538086,0.006424776077270508,0.006762944030761719,0.006700396728515625,0.006770451354980469,0.007570829010009766,0.0071154815673828125,0.008717244720458985,0.007902550506591798,0.006760499572753906,0.00783900146484375,0.007873411560058594,0.008469522857666016,0.007775759887695313,0.006965859222412109,0.007139004516601563,0.0070729698181152345,0.00786743392944336,0.007516336059570312,0.006572467041015625,0.006532198333740235,0.007056745910644532,0.007745855712890625,0.00684343032836914,0.007321414184570313,0.007579116821289062,0.007057469177246094,0.008542620849609375,0.007584297943115235,0.006877645111083984,0.008133923339843752,0.007488829040527344,0.007590150451660156,0.00719268798828125,0.008024521636962892,0.00731539535522461,0.007488678741455078,0.00775934066772461,0.009004166412353517,0.0077737762451171874,0.008127922821044922,0.008022354888916016,0.009257052612304688,0.00780393295288086,0.00785164794921875,0.01060621795654297,0.011029923248291017,0.012008924865722657,0.010373996734619141,0.010115238189697265,0.012902896118164062,0.010478508758544922,0.009299791717529298,0.00835986557006836
Op.ELASTICITY.2D.P8,0.006672756363636364,0.016328233337402347,0.018337603759765626,0.016091961669921877,0.012738179016113281,0.020973190307617188,0.017357948303222657,0.01723020782470703,0.012629753875732423,0.015411946105957032,0.013416726684570312,0.015839610290527342,0.0173747802734375,0.021445785522460938,0.015535542297363283,0.016522434997558594,0.017069900512695312,0.018295497131347656,0.014825698852539064,0.01542969207763672,0.040134170532226565,0.03959086608886719,0.014805503845214844,0.038110675048828126,0.01861243133544922,0.015932147216796876,0.015140722656250001,0.01620879364013672,0.011653359985351563,0.014192681884765626,0.01608550720214844,0.012063526153564453,0.03825206298828125,0.02063872375488281,0.0217457763671875,0.016604444885253904,0.014010966491699217,0.014867277526855469,0.013556480407714844,0.012377155303955079,0.04298267211914063,0.012205443572998046,0.011523878479003907,0.015014668273925781,0.04419709167480469,0.013795765686035157,0.042431512451171875,0.011313270568847657,0.015488156127929689,0.012987802124023437,0.04241442260742188,0.011468534088134766,0.014657693481445312,0.019556723022460937,0.012162992095947265,0.03805286254882812,0.014660940551757814,0.011649910736083985,0.011718112182617186,0.011830368041992188,0.042840475463867184,0.019039952087402345,0.013929440307617188,0.013356524658203124,0.012075148773193359,0.01413107147216797,0.01200311050415039,0.014777194213867187,0.010917298889160156,0.02094720001220703,0.01688889923095703
Op.HYPERELASTICITY.2D.P1,3.560543573333334e-05,0.00014748159646987916,nan,nan,nan,nan,nan,nan,nan,nan,nan,nan,nan,nan,nan,nan,nan,nan,nan,nan,nan,nan,nan,nan,nan,nan,nan,nan,nan,nan,nan,nan,nan,nan,nan,nan,nan,nan,nan,nan,nan,nan,nan,nan,nan,nan,nan,nan,nan,nan,nan,nan,nan,nan,nan,nan,nan,nan,nan,nan,nan,nan,nan,nan,nan,nan,nan,nan,nan,nan,nan
Op.HYPERELASTICITY.2D.P2,0.00018699605333333334,0.0005666368007659912,0.0006322336196899415,0.0007823855876922608,0.0006085728168487549,0.0009426912307739259,0.0007427775859832764,0.000719811201095581,0.0007037407875061035,0.000698144006729126,0.0007109792232513428,0.0007088320016860962,0.0009169072151184081,0.0006576799869537353,0.0007702368021011353,0.0007261168003082275,0.0007281008005142212,0.0007256335973739624,0.0006589104175567627,0.000915838384628296,0.0009552191734313965,0.0005971440076828003,0.000620359992980957,0.0007811359882354736,0.0005513055801391602,0.0006904128074645997,0.0009076800346374512,0.0006680079936981201,0.0007047375917434692,0.0007098944187164306,0.0006593376159667968,0.0007177007913589478,0.000929531192779541,0.0009551456451416016,0.000649564790725708,0.0006880800008773804,0.0007273120164871216,0.0006598975896835327,0.0007328447818756103,0.0007279151916503906,0.0009449791908264161,0.0008196784019470215,0.0009453439712524415,0.0009531999588012696,0.00105513916015625,0.0008560256004333497,0.0008259599685668946,0.0009608639717102051,0.0009557184219360352,0.0010711103916168211,0.0008633584022521973,0.0005922815799713134,0.0007389871835708618,0.0007582880020141602,0.0007955423831939697,0.0006966192007064819,0.00059683837890625,0.0007490927934646607,0.0007632768154144287,0.0007024543762207032,0.0008027071952819825,0.0009535615921020509,0.0010919247627258302,0.0011508064270019532,0.001180016040802002,0.0011480607986450197,0.0009651936054229737,0.0011057791709899903,0.0011648896217346192,0.001185763168334961,0.0011618464469909668
Op.HYPERELASTICITY.2D.P3,0.00066387968,0.001898124885559082,0.0036087776184082036,0.0016581407546997072,0.0019695199966430666,0.002109326362609863,0.0020228528022766114,0.0023048480033874513,0.0022734208106994632,0.002229327964782715,0.003766806411743164,0.0038096801757812504,0.002243033599853516,0.0025799264907836916,0.003856753730773926,0.002510331153869629,0.0025550960540771483,0.002302689647674561,0.0021140160560607912,0.0021503904342651367,0.0024926143646240234,0.002370457649230957,0.004343139266967774,0.003616916847229004,0.003568044662475586,0.002381417560577393,0.0023714399337768557,0.0026141792297363284,0.0025586544036865235,0.0025824863433837894,0.002739401626586914,0.003618014335632324,0.003616422462463379,0.00244040641784668,0.004191731262207031,0.0026477072715759276,0.0026762448310852054,0.0023866448402404786,0.002567868804931641,0.005435145568847656,0.00250261116027832,0.0026530960083007813,0.002723833656311035,0.002823316764831543,0.004185851287841796,0.0026450736045837402,0.005619852638244629,0.0028048255920410155,0.0028985311508178714,0.003670611190795899,0.0018946720123291017,0.0016391679763793946,0.0019337151527404786,0.0019713407516479494,0.004068857574462891,0.002286803150177002,0.002126760005950928,0.002237292861938477,0.004118662261962891,0.002091364860534668,0.0020563167572021485,0.0023599647521972654,0.003845759963989258,0.00211583194732666,0.00423712158203125,0.002235647964477539,0.0023785375595092775,0.0025469712257385254,0.0041495742797851565,0.002515999984741211,0.002430073642730713
Op.HYPERELASTICITY.2D.P4,0.0018001646933333334,0.009506435394287109,0.008706246185302736,0.009332825469970704,0.005338371276855469,0.00846492156982422,0.005925011062622071,0.007620902252197266,0.0058069025039672855,0.0069807006835937505,0.007668563079833985,0.00502391357421875,0.008385852813720703,0.006205887985229493,0.006426375961303712,0.008302947235107421,0.005948275375366211,0.007950934600830078,0.00815572509765625,0.007487884521484375,0.00533045768737793,0.005386703872680664,0.006775065612792969,0.0056936048507690434,0.0062318176269531254,0.00909040298461914,0.008893718719482422,0.008208112335205077,0.00920018539428711,0.00892559356689453,0.008887958526611329,0.010608598327636718,0.009485584259033203,0.009119225311279297,0.011332070159912111,0.009538211059570312,0.009581382751464845,0.009819286346435547,0.010232899475097658,0.010278070068359376,0.00972396469116211,0.0094133056640625,0.011155133056640626,0.00919509735107422,0.009919868469238282,0.009843920135498048,0.00939376983642578,0.009806025695800781,0.011765238189697266,0.010563958740234376,0.010044876861572266,0.010480242919921874,0.00550445442199707,0.005522652816772462,0.006247766494750976,0.00564139518737793,0.00481379508972168,0.00583614559173584,0.00546968002319336,0.006492111968994141,0.005029916954040528,0.005616867256164551,0.00580265121459961,0.006258649635314942,0.006399184036254883,0.00947894744873047,0.008517362976074219,0.009316754913330078,0.008337657928466797,0.007712009429931641,0.009109120178222657
Op.HYPERELASTICITY.2D.P5,0.004077795555555555,0.018278175354003907,0.011742201232910157,0.011728896331787109,0.022361541748046877,0.013517961120605469,0.01729545593261719,0.01571939239501953,0.016958023071289064,0.010710259246826172,0.01026778564453125,0.01249169616699219,0.015691267395019533,0.014602365112304687,0.011388505554199218,0.01181707534790039,0.011721891021728515,0.017075343322753907,0.018455567932128908,0.017092662048339844,0.016721559143066406,0.011604140472412108,0.015018272399902345,0.012856361389160156,0.013682521057128905,0.013951744079589844,0.01905939178466797,0.012168243408203125,0.01340707244873047,0.018288426208496095,0.014176608276367186,0.01880938873291016,0.016208201599121095,0.014405433654785157,0.01867425537109375,0.020720239257812502,0.015857551574707033,0.011148847961425783,0.012297948455810547,0.012179347229003906,0.020212969970703126,0.021124620056152347,0.014013046264648438,0.02163086700439453,0.020671286010742185,0.023428099060058594,0.015304019165039063,0.013604847717285156,0.025137709045410156,0.01293124542236328,0.01687084503173828,0.012075225830078124,0.016297821044921876,0.017876486206054688,0.01776897888183594,0.017743315124511716,0.020527253723144533,0.01991664276123047,0.020044248962402342,0.019149034118652347,0.022668415832519533,0.021313897705078126,0.020469561767578123,0.02383632049560547,0.02202984619140625,0.021417884826660155,0.02342213439941406,0.02010417022705078,0.024481394958496095,0.01786117401123047,0.01931153259277344
Op.HYPERELASTICITY.2D.P6,0.007809596336700337,0.02812029724121094,0.07582330322265625,0.02344360046386719,0.04389866333007812,0.0275670166015625,0.0695726318359375,0.027087600708007812,0.02704275817871094,0.022322947692871093,0.16206112060546876,0.026266931152343753,0.2050566650390625,0.028809197998046876,0.07603547973632813,0.02266577301025391,0.025792687988281254,0.024240406799316407,0.036632754516601564,0.017759826660156252,0.034685229492187504,0.030482122802734376,0.025748724365234375,0.028543374633789066,0.16455677490234377,0.19618026123046875,0.05964139404296875,0.03449310913085937,0.025149539184570312,0.064348876953125,0.03762493591308594,0.07499503784179687,0.02366475830078125,0.025729754638671876,0.03332992248535156,0.029593353271484376,0.027515374755859377,0.017214515686035155,0.15162139892578125,0.016734576416015626,0.02560455627441406,0.06587419433593751,0.07492787475585938,0.026101171875,0.027855816650390625,0.1954842041015625,0.034901016235351565,0.11139649658203125,0.0278493896484375,0.030892361450195315,0.032555810546875,0.062415411376953125,0.170328271484375,0.037459051513671876,0.02664606628417969,0.0621465576171875,0.15054534912109374,0.027825900268554686,0.15715599365234373,0.020316712951660158,0.027122222900390625,0.0285564208984375,0.019676454162597657,0.1272009033203125,0.020870742797851564,0.025152691650390625,0.031236068725585937,0.02209423065185547,0.016296298217773435,0.022893875122070313,0.03662308044433594
Op.HYPERELASTICITY.2D.P7,0.014235213575757575,0.04258780517578125,0.043873559570312505,0.04528908081054688,0.041460150146484374,0.04829618530273437,0.06177941284179688,0.04690993041992188,0.04548695373535156,0.038663293457031254,0.04274905090332031,0.045960028076171874,0.03950867309570313,0.07178521728515626,0.05042794189453125,0.05100621948242188,0.047450817871093745,0.14143167724609376,0.13633767089843749,0.04348824768066406,0.1459554443359375,0.062493151855468755,0.053312774658203124,0.05388615112304687,0.04976993103027344,0.05607635498046875,0.05700256958007813,0.04394983825683594,0.045654568481445314,0.039185546875,0.03629215393066407,0.0633613037109375,0.051698248291015624,0.3643199462890625,0.10953907470703125,0.040565679931640626,0.04438886108398438,0.059843389892578126,0.04015654296875,0.25936965332031253,0.0422829345703125,0.057514190673828125,0.041105838012695316,0.1471190185546875,0.03594983825683594,0.042183679199218754,0.336253662109375,0.06252241821289063,0.04799451599121094,0.04812381896972656,0.04238705749511719,0.05518733520507813,0.1127828369140625,0.04043045959472656,0.41652939453125,0.02877572021484375,0.10147151489257814,0.04285916748046875,0.051854058837890626,0.06751574096679687,0.0473319091796875,0.04967466430664062,0.2771776611328125,0.029703204345703126,0.0415457763671875,0.04351486511230469,0.051311962890625,0.13979945068359376,0.03177083740234375,0.057697576904296874,0.05406409301757813
Op.HYPERELASTICITY.2D.P8,0.023831272727272725,0.0883704345703125,0.08075324707031249,0.104706201171875,0.09187107543945312,0.08139672241210937,0.076168408203125,0.09886491088867187,0.06936906738281251,0.07979442138671876,0.09011123657226562,0.07082803344726563,0.08715973510742188,0.07959301147460937,0.07465382690429688,0.09817960815429687,0.11460294189453125,0.10079539794921875,0.10027020874023439,0.09399043579101563,0.09979867553710937,0.113836328125,0.09749969482421875,0.08323080444335938,0.11562211914062501,0.10555511474609375,0.08522970581054688,0.09265214233398437,0.09159234619140626,0.086747705078125,0.054030816650390626,0.06488946533203126,0.04857253112792969,0.059648693847656246,0.045258874511718755,0.05509714965820312,0.07760770874023437,0.06714365844726562,0.0838120849609375,0.06248052978515625,0.06639591064453125,0.049050332641601566,0.0721795654296875,0.0696062744140625,0.06401183471679688,0.07038510131835937,0.08547882080078126,0.08042342529296874,0.06405565185546876,0.08699198608398437,0.07361388549804687,0.08569014282226563,0.04912002563476563,0.08128154296875001,0.06344767456054687,0.06590858764648438,0.05796538696289063,0.08086349487304688,0.08124033813476562,0.06730825805664063,0.05131055908203125,0.08420650024414063,0.10218323974609375,0.049047402954101565,0.07445321044921875,0.07963373413085938,0.07959868774414063,0.06694425659179687,0.07549300537109374,0.06506448974609376,0.09041519165039062
Op.MASS.3D.P1,9.082362828282828e-06,4.4188800454139716e-05,5.59008002281189e-05,7.906879782676697e-05,8.287680149078369e-05,8.010560274124146e-05,5.747519731521607e-05,9.14080023765564e-05,4.361279904842377e-05,9.56496000289917e-05,5.682880282402038e-05,4.5203199982643124e-05,8.15168023109436e-05,8.412479758262634e-05,5.676800012588501e-05,4.367679953575134e-05,7.954239845275879e-05,5.759040117263794e-05,9.703360199928284e-05,4.5835199952125547e-05,4.4089600443840025e-05,8.22816014289856e-05,5.7984000444412233e-05,8.085759878158569e-05,9.323520064353943e-05,8.152319788932801e-05,9.54464018344879e-05,9.253119826316833e-05,8.258879780769349e-05,9.653120040893556e-05,9.32703971862793e-05,7.840639948844911e-05,7.967039942741394e-05,8.089920282363892e-05,7.888000011444092e-05,8.146880269050598e-05,8.069120049476623e-05,9.203839898109437e-05,0.00010636160373687745,0.00010221120119094848,9.270399808883667e-05,0.00010351040363311767,0.0001080672025680542,5.590720176696777e-05,8.295680284500122e-05,9.06719982624054e-05,5.725439786911011e-05,5.6959998607635495e-05,9.501760005950929e-05,8.43231976032257e-05,5.6870400905609135e-05,9.65120017528534e-05,5.8326399326324466e-05,9.27295982837677e-05,5.792319774627685e-05,9.177280068397523e-05,0.00010720959901809694,0.00010330560207366943,0.00010157760381698608,7.730879783630371e-05,0.00011982719898223877,7.960640192031861e-05,8.085119724273682e-05,0.00011490559577941895,8.12991976737976e-05,8.976960182189942e-05,9.388160109519958e-05,8.287360072135926e-05,9.191359877586365e-05,9.576960206031799e-05,9.264320135116578e-05
Op.MASS.3D.P2,6.244124444444446e-05,0.00019086880087852478,0.00014606399536132815,0.00018088639974594119,0.0001423359990119934,0.0001510432004928589,0.00014822080135345458,0.00014160319566726683,0.00020045759677886962,0.00018171199560165405,0.0001999392032623291,0.0001494112014770508,0.00020902080535888673,0.00020151040554046632,0.00020960479974746704,0.00020090720653533935,0.00014513280391693115,0.00014558080434799196,0.00017215039730072022,0.00014676159620285035,0.0002144063949584961,0.00021767039299011232,0.00020740799903869628,0.00020174078941345214,0.00014958399534225464,0.00015697280168533326,0.00017934080362319945,0.00018703360557556154,0.00018643840551376342,0.000188156795501709,0.00021272640228271484,0.0001698464035987854,0.00016195199489593508,0.00017314720153808593,0.00015412800312042236,0.00016552640199661255,0.00020736639499664307,0.00016145119667053222,0.00022738881111145022,0.00020837600231170654,0.00016308480501174926,0.0002278496026992798,0.00020509119033813479,0.0001650272011756897,0.00020727679729461672,0.0001834239959716797,0.0001460927963256836,0.0001945088028907776,0.00014787520170211793,0.0001842352032661438,0.00020364480018615722,0.00021198559999465944,0.00015264639854431153,0.00014727360010147094,0.0001520799994468689,0.00020226240158081055,0.0001494271993637085,0.0001475200057029724,0.0001486624002456665,0.00021787519454956057,0.0001543295979499817,0.00022054879665374757,0.00020340319871902467,0.00020461759567260744,0.0001488800048828125,0.0002029695987701416,0.00020847840309143065,0.0001647104024887085,0.00022027360200881958,0.00020681600570678711,0.000158433598279953
Op.MASS.3D.P3,0.0002611179313131313,0.0004868288040161133,0.00034667520523071286,0.0004844064235687256,0.0004883391857147217,0.0005074111938476563,0.00035422720909118657,0.0004389904022216797,0.0004962336063385009,0.0005098464012145996,0.0005177472114562989,0.0003569007992744446,0.0004330560207366944,0.0004420383930206299,0.0004875904083251953,0.0005490911960601806,0.0003620176076889038,0.0005081759929656983,0.0005835824012756347,0.0003642112016677857,0.0004981120109558106,0.0003633087992668152,0.0004980703830718995,0.0003601088047027588,0.0005266319990158081,0.00044659359455108644,0.0005907119989395142,0.00038303360939025876,0.0004258399963378906,0.0005180128097534181,0.0005207136154174806,0.0006016064167022705,0.0004492703914642334,0.000601859188079834,0.0005218016147613526,0.0005250495910644531,0.00044634242057800294,0.0006018239974975585,0.0004545744180679322,0.0005013935804367066,0.0006205583810806275,0.0003872096061706543,0.00036704320907592774,0.0003908047914505005,0.0004564799785614014,0.000485699200630188,0.0003899487972259522,0.0003748159885406494,0.0005330911874771118,0.0005056479930877686,0.0004718912124633789,0.0006214047908782959,0.0005236000061035156,0.0005246079921722412,0.0004922544002532959,0.0005142176151275634,0.000551636791229248,0.0006012671947479248,0.0003709375977516174,0.000561190414428711,0.0003803071975708008,0.00043791680335998536,0.0004968271970748902,0.00034955201148986813,0.0004927296161651611,0.0005225023984909057,0.00041130080223083495,0.0003706943988800049,0.00038270719051361083,0.0005374783992767334,0.0005143263816833497
Op.MASS.3D.P4,0.0008741774222222223,0.000949990485127553,0.001289743995666504,0.001336851215362549,0.001206435203552246,0.001399611234664917,0.0011550559997558594,0.0012471424102783203,0.0014184320449829103,0.0016737711906433107,0.0013628128051757812,0.001244668769836426,0.0013638671875,0.0014168383598327638,0.0014258015632629395,0.001722003173828125,0.0012384863853454591,0.0014950976371765137,0.001377030372619629,0.0011697711944580079,0.0013414752006530761,0.0009649920463562012,0.001315724802017212,0.0016023712158203126,0.00136668643951416,0.0015902175903320312,0.0014885839939117432,0.0015436320304870607,0.0009252384185791016,0.0013450624465942383,0.0009679039955139161,0.0013919456005096436,0.001350534439086914,0.0009239359855651855,0.0013271568298339844,0.0013598639965057373,0.0012629392147064209,0.0015623359680175782,0.0013532032012939454,0.0009674992084503175,0.0012488320350646973,0.0012457663536071778,0.00165251522064209,0.001304150390625,0.0009181712150573731,0.0014333312034606935,0.0013832287788391113,0.0014228832244873046,0.0013709792137145997,0.0014252191543579103,0.000930684757232666,0.0018020463943481447,0.000945644760131836,0.0013648111820220947,0.001489247989654541,0.001245145606994629,0.0016350640296936036,0.0014080448150634766,0.0010119071960449219,0.0015243520259857178,0.0013899472236633304,0.0014785215854644777,0.001333801555633545,0.0016913392066955565,0.001372060775756836,0.0015517696380615235,0.001408579158782959,0.0013087424278259276,0.0009446144104003906,0.00141463041305542,0.0016167504310607911
Op.MASS.3D.P5,0.0023523319725252526,0.0034751937866210935,0.003490777587890625,0.002521480898905795,0.003726473617553711,0.0028040528297424315,0.003359872055053711,0.0024512911126271446,0.0025277915308407053,0.0026712736129760745,0.003588599967956543,0.0033614288330078125,0.002770438385009766,0.003692750358581543,0.0034289905548095705,0.0031991936683654788,0.0027166175842285156,0.0032933536529541015,0.0035070110321044922,0.0034234336853027343,0.003432129669189453,0.003321718215942383,0.0031910256385803224,0.0032357982635498046,0.0034009489059448244,0.002494156837463379,0.003080575942993164,0.0033135936737060546,0.0024677543447915863,0.0035557537078857422,0.003608223915100098,0.003128764820098877,0.0037440929412841796,0.004029919815063477,0.0037739295959472656,0.0032155681610107423,0.0037639488220214843,0.0037460960388183595,0.0034417470932006835,0.0032882080078125,0.0035168800354003905,0.003332310485839844,0.00325720329284668,0.003337601661682129,0.0032401695251464842,0.003498601531982422,0.003903366279602051,0.003983595275878906,0.0037880638122558593,0.003802092742919922,0.00420163516998291,0.003603348731994629,0.003507350540161133,0.003923097610473633,0.003797987365722656,0.0035004928588867187,0.004140521621704102,0.0038753726959228517,0.0039358335494995116,0.003936731147766113,0.0037027553558349607,0.003272684860229492,0.0032151086807250978,0.004473168182373047,0.0034885921478271485,0.004266815948486328,0.0034210046768188476,0.0038934207916259764,0.004002515029907227,0.003376352119445801,0.0036554864883422853
Op.LAPLACE.3D.P1,5.438322624000001e-06,3.370560109615326e-05,nan,nan,nan,nan,nan,nan,nan,nan,nan,nan,nan,nan,nan,nan,nan,nan,nan,nan,nan,nan,nan,nan,nan,nan,nan,nan,nan,nan,nan,nan,nan,nan,nan,nan,nan,nan,nan,nan,nan,nan,nan,nan,nan,nan,nan,nan,nan,nan,nan,nan,nan,nan,nan,nan,nan,nan,nan,nan,nan,nan,nan,nan,nan,nan,nan,nan,nan,nan,nan
Op.LAPLACE.3D.P2,6.81177212121212e-05,0.000135916805267334,0.00013376479744911193,0.00016303999423980715,0.00015731199979782104,0.00013702080249786377,0.0001639296054840088,0.00014034559726715088,0.00013242719769477845,0.00013400319814682008,0.00017645759582519532,0.00017239999771118166,0.00017806400060653687,0.00020547521114349366,0.00014302560091018678,0.00018032000064849854,0.0001770975947380066,0.00017345919609069825,0.00013365440368652342,0.00018248000144958495,0.00015168799757957457,0.00019256799817085266,0.0001473919987678528,0.000137007999420166,0.00015588799715042116,0.000152291202545166,0.00014127680063247681,0.0001889312028884888,0.0002036736011505127,0.00017685439586639405,0.00014392000436782838,0.00015309920310974123,0.00018537280559539795,0.00014752639532089235,0.00018661439418792724,0.00019685120582580568,0.00016583679914474486,0.0001583008050918579,0.00013408319950103758,0.0001362112045288086,0.0001648319959640503,0.00017942559719085692,0.0001650720000267029,0.0001369727969169617,0.00014118080139160154,0.00013213759660720824,0.00018068480491638183,0.00013470720052719115,0.0001735103964805603,0.00020831038951873778,0.0001487007975578308,0.00015080000162124636,0.00014323840141296386,0.00017933440208435058,0.00013489919900894166,0.00018271039724349975,0.00014677599668502808,0.0001956175982952118,0.00018426880240440368,0.00017481919527053834,0.0001395135998725891,0.0002065119981765747,0.00014193600416183473,0.0001505087971687317,0.00019143999814987185,0.00015030879974365234,0.00018958079814910888,0.00020350399017333984,0.00014805760383605957,0.00014509599804878235,0.00018916800022125243
Op.LAPLACE.3D.P3,0.00037464746666666666,0.00040418334857270154,0.0003971015187569576,0.0003909352468118074,0.0003949225830134191,0.00045223360061645514,0.0003905749901695714,0.0003942784070968628,0.0003973006494282721,0.00043240318298339844,0.0004176800012588501,0.0004176032066345215,0.0003905289560966418,0.0003965280055999756,0.00042994241714477537,0.00045430397987365723,0.00041283202171325686,0.0004215648174285889,0.0003929256276670119,0.00043013439178466795,0.0003938972533891369,0.0004354911804199219,0.0003920794789041227,0.0004198560237884522,0.00042600002288818365,0.0004557055950164795,0.0004973263978958131,0.0004674911975860596,0.0004597200155258179,0.0003864288091659546,0.0004447199821472168,0.0004562272071838379,0.0004902816057205199,0.0005189472198486328,0.0005022703886032105,0.00046053757667541506,0.0003982719898223877,0.0004234176158905029,0.0004089216232299805,0.0003963434411164923,0.0005288991928100586,0.0005467391967773437,0.0004705376148223877,0.00038804320096969604,0.0004010121801305634,0.0004612127780914307,0.0004911343812942506,0.0004460447788238525,0.0004010496139526367,0.0005148640155792236,0.0005119711875915527,0.0004734400033950806,0.0004850815773010254,0.0003980820397973758,0.00040325432187828745,0.00039268479347229,0.00039390891750083854,0.0004283807992935181,0.00042171361446380616,0.000413481616973877,0.000445798397064209,0.00038713920116424563,0.0004733695983886719,0.00045005760192871094,0.00039152319431304933,0.000423308801651001,0.00040423629406408264,0.0004582816123962402,0.00043102881908416754,0.0004345456123352051,0.00041091840267181394
Op.LAPLACE.3D.P4,0.0013708691393939396,0.0014140031814575196,0.0014535963331605982,0.0014561469943167097,0.0016886960029602052,0.0014477808889876633,0.0014845823764801024,0.0016075712203979494,0.0014423832753818143,0.0015342383861541749,0.0014829936706502094,0.0014506587991248386,0.0014637308046913477,0.0016355567932128906,0.0014513185456732373,0.001586736011505127,0.001446431621597458,0.0014530859277307013,0.0014440607170092942,0.0014894272327423096,0.0014571297483768808,0.001481606388092041,0.001460679434570805,0.0014717253682926684,0.0014753758110381027,0.0014463511936417801,0.0014441200256347657,0.0014463262138269067,0.0014775173771735656,0.0014296663159036839,0.0014478268844194103,0.0014564367734077649,0.0014375016323441285,0.0014592084247716935,0.0014598657764143073,0.0014735284267148483,0.0014800279827517325,0.001445355806484736,0.0014373246513782502,0.0014474203791508206,0.0014665578433368115,0.0015447936058044433,0.0014338719844818116,0.0014536873293740276,0.001454446741240823,0.0014317729771819506,0.0016484960556030273,0.0014653756578894414,0.0014794755038114672,0.001435348863187687,0.0014342798868509257,0.001433678388595581,0.0014869547707867634,0.0014773427672432166,0.0014499626500983122,0.0014406638178789683,0.001451780187972656,0.0014850943565368653,0.0016998655319213868,0.0016405183792114258,0.0014777654172389587,0.0014824924235144338,0.001598089599609375,0.0014580008672000844,0.0014390507656416147,0.0016120384216308594,0.0014761437444945136,0.0014755712032318115,0.0015657151699066162,0.0014852234627653323,0.0014552105221220593
Op.LAPLACE.3D.P5,0.004196051626666667,0.004523202731231489,0.004547594561828442,0.004412574059151712,0.004403689717636177,0.004483280036632477,0.006064092636108399,0.00450334621749771,0.004506626535340561,0.004490450707485808,0.004449323560772171,0.004458606463258979,0.00702667236328125,0.0044915316766589,0.004437933002877354,0.004430745103569828,0.004452841860745669,0.004485396496161385,0.007265789031982422,0.004440472500880144,0.004446495546824017,0.004494423098310816,0.004501582877376268,0.005905420684814453,0.004455211478116976,0.004442646639041109,0.004442937028920611,0.004509257507324219,0.004486251439057511,0.0044514256599289545,0.00437348028694213,0.004477598637537513,0.0043996655591742595,0.004544855922027353,0.0043937293311699,0.004381529452629979,0.004509582318733014,0.004558527218866877,0.004467114639649677,0.004524979195736471,0.004417071914672851,0.004376059749705773,0.004389598059054705,0.005896688079833984,0.00437806259409207,0.004444241227720256,0.0044610068155994465,0.004401566423503588,0.004435132037787891,0.0045121633835075075,0.0043828878162058705,0.006436952209472656,0.004497347259521485,0.0044753684188907515,0.004412519930095747,0.0044637065490176365,0.004524853501220944,0.004502988499044555,0.0044497948091024074,0.00434249439239502,0.00453274343080981,0.004741444778442383,0.0045582030746644225,0.004476477664864499,0.004414629249474362,0.005540646362304688,0.004442305073630926,0.004497540401970465,0.0044229972168838075,0.004466828133580864,0.004370977926872687
Op.HELMHOLTZ.3D.P1,6.8139008000000005e-06,3.701440095901489e-05,nan,nan,nan,nan,nan,nan,nan,nan,nan,nan,nan,nan,nan,nan,nan,nan,nan,nan,nan,nan,nan,nan,nan,nan,nan,nan,nan,nan,nan,nan,nan,nan,nan,nan,nan,nan,nan,nan,nan,nan,nan,nan,nan,nan,nan,nan,nan,nan,nan,nan,nan,nan,nan,nan,nan,nan,nan,nan,nan,nan,nan,nan,nan,nan,nan,nan,nan,nan,nan
Op.HELMHOLTZ.3D.P2,0.00024976497777777783,0.0002646672010421753,0.000262622650226931,0.00026202093972341753,0.00026845423656502923,0.00036666560173034666,0.00027525279521942137,0.00035271199941635134,0.0003242975950241089,0.0003007839918136597,0.00035460000038146976,0.0002719007968902588,0.0003762719988822937,0.00031642239093780515,0.00037185599803924563,0.00036992640495300296,0.0003277343988418579,0.00037989439964294437,0.00038336000442504883,0.00029410879611969,0.0003598688006401062,0.0003581984043121338,0.00036512479782104494,0.0003370176076889038,0.00032455360889434813,0.0003167327880859375,0.00040990879535675046,0.0003067231893539429,0.0004080176115036011,0.0003134176015853882,0.00038072640895843506,0.0003311199903488159,0.00031332159042358397,0.00033581600189208985,0.000328275203704834,0.00032738559246063234,0.00038350720405578616,0.00033663361072540284,0.00040960960388183594,0.0003891968011856079,0.00036424319744110105,0.00043043842315673833,0.0003224544048309326,0.00031899359226226804,0.0003777375936508179,0.0002696978616791139,0.0002691513706147573,0.0002672544002532959,0.0002664754966686017,0.00029444160461425785,0.0003212399959564209,0.0003714240074157715,0.00025899839401245117,0.0003170111894607544,0.00033351678848266605,0.00034489760398864744,0.0002601632118225098,0.0003488640069961548,0.00034942719936370846,0.000356710410118103,0.00031663360595703127,0.00037560000419616704,0.00036321920156478886,0.000317958402633667,0.0002837984085083008,0.0003060863971710205,0.0003585536003112793,0.00029294240474700927,0.0003575936079025269,0.0003363983988761902,0.0003756256103515625
Op.HELMHOLTZ.3D.P3,0.0010444717252525253,0.001076905632019043,0.0011257699036809222,0.0010980594523150194,0.0010939886648763143,0.0012453120231628418,0.0011199085412471116,0.0010805184364318847,0.0011107589681891422,0.001283524799346924,0.0010840224266052245,0.0011066957090921272,0.0011042495727539064,0.0011457200050354003,0.0012699680328369142,0.0011007240901339214,0.0011280623913768146,0.0011215986318743587,0.0011003378127844275,0.0010960959911346436,0.0012626543998718264,0.0011079251553577137,0.0011019968032836914,0.0010925461236184638,0.001301417636871338,0.0011136110056704745,0.001121006441116333,0.001162345600128174,0.0012893184185028077,0.001115573334091064,0.001120364921590325,0.001123988393266478,0.0011040569578894515,0.001122378919245563,0.0010942708757479581,0.0011220913438833042,0.0010970767974853514,0.001103003271950961,0.0011079255395365455,0.0011050992938082423,0.0011130479812622072,0.0010927531993474798,0.0011269661694482697,0.0011279482153785626,0.0011293099019863062,0.0011315347704922514,0.0011095239570447072,0.001127173278496439,0.0010968038368942858,0.0011341803787484248,0.0011171008420756826,0.0011166656017303467,0.0011124085643843395,0.0011322848320007323,0.001124707053231206,0.0011179952893239865,0.0010928575992584229,0.0011244037222572997,0.0011215525263760713,0.001091316665059924,0.0011376192092895508,0.001245299243927002,0.0011150701450047661,0.0010903712272644045,0.001116563069054715,0.001143056011199951,0.0013915343761444093,0.0012867087841033934,0.001105908271692142,0.0012523008346557616,0.0014195072174072265
Op.HELMHOLTZ.3D.P4,0.0034967096888888897,0.004676612663269043,0.004019004821777344,0.0036947050071975155,0.0037868163296111896,0.0037069842829365396,0.0036829298785996255,0.00405967674255371,0.003673698433133499,0.0037059421025719356,0.0038783151626586914,0.0037793158864735193,0.0037869834349039846,0.004192134475708008,0.004110486221313477,0.0037481259260686993,0.003653433386929509,0.003699651336669922,0.0036747247695922856,0.003724243455798627,0.0036583389206637047,0.0037262981007335346,0.0036799540137028943,0.003722259690920972,0.0036871584643596105,0.0037490702106364395,0.003659197791930737,0.0037573643563288016,0.0037997509483126786,0.003685221165368894,0.0042473295211792,0.004273883247375489,0.004378374481201173,0.0037350433349609374,0.0036921570556254814,0.0036952321252746684,0.003690472017047237,0.0037062987779719883,0.003781816451346777,0.003693311496557265,0.003799681301512831,0.00377079475018052,0.003732470691741039,0.003739257464871751,0.0037812134586517297,0.003731502130995763,0.004322982406616211,0.0043414815902709965,0.004513216018676758,0.004055737686157227,0.004285369491577148,0.0037004384773385484,0.003739402372641926,0.0036871900005248045,0.003762990632197666,0.003777151840450471,0.0036809175496400805,0.003693385708896605,0.003731117807924746,0.00377830407965358,0.0036990495681762697,0.0036941730283917796,0.0036807538987727938,0.0037738714661390473,0.0036901780893753944,0.00398033275604248,0.004192611122131347,0.0037428969245798826,0.003655333834212952,0.003680508437431097,0.0037560690884849463
Op.HELMHOLTZ.3D.P5,0.00940932789010101,0.009826758234430936,0.010216322229800623,0.009998540496826172,0.010145998826888979,0.010121081631936398,0.009912034529892033,0.010095999908447265,0.009998789303364066,0.010025120769819694,0.01012952350292384,0.00990185940357882,0.010175719793831745,0.01011871400786488,0.009881107153498925,0.011039049530029297,0.010030818350820338,0.017489407348632812,0.009851949277643803,0.009966805569881117,0.009888091627789987,0.01014487023336312,0.010088821361690318,0.010062717849609333,0.010012394769923974,0.01002166482999932,0.009874426757351177,0.010151092355132675,0.009862412685502399,0.009846906165952492,0.010194058772416487,0.01706618194580078,0.010223356354677643,0.010098986475622714,0.010052380793306986,0.009813466291804233,0.010195874961989428,0.009891517502046877,0.010589059448242188,0.010020402089316588,0.01017010304879445,0.010067293878350456,0.010060912244439165,0.010120354659313557,0.0195010498046875,0.010098288139616904,0.010044150833653698,0.009816819597103895,0.019781507873535154,0.010027477530752784,0.009821790028889634,0.01021397145846969,0.01019821697787531,0.01077452163696289,0.010215176211705732,0.009939734113643097,0.010130527130442891,0.010697789001464845,0.009977477303325865,0.009885672525985708,0.01008207926193037,0.011789456176757813,0.010119438219269162,0.009914821756959085,0.010020200263423575,0.01016160792391747,0.01585238037109375,0.010188792915614999,0.009909910154243707,0.009858723057717808,0.019292816162109375
Op.ELASTICITY.3D.P1,1.0185728000000001e-05,0.00013339519500732422,nan,nan,nan,nan,nan,nan,nan,nan,nan,nan,nan,nan,nan,nan,nan,nan,nan,nan,nan,nan,nan,nan,nan,nan,nan,nan,nan,nan,nan,nan,nan,nan,nan,nan,nan,nan,nan,nan,nan,nan,nan,nan,nan,nan,nan,nan,nan,nan,nan,nan,nan,nan,nan,nan,nan,nan,nan,nan,nan,nan,nan,nan,nan,nan,nan,nan,nan,nan,nan
Op.ELASTICITY.3D.P2,7.442606080000001e-05,0.00043372478485107424,0.0004024767875671387,0.0004456160068511963,0.0004962480068206787,0.0005133215904235839,0.0006505263805389404,0.00046956157684326175,0.0005036032199859619,0.0004440159797668457,0.0005420479774475098,0.0006416431903839112,0.0005482816219329834,0.0005007200002670288,0.00045878720283508304,0.0005237343788146974,0.0007193312168121338,0.0007285104036331177,0.0004927807807922363,0.0007013504028320312,0.00048726401329040524,0.0005192736148834228,0.0004772480010986328,0.0004443135976791382,0.0004722143888473511,0.000471619176864624,0.000446073579788208,0.0007546495914459229,0.0005919456005096435,0.0007891808032989503,0.0005114367961883545,0.0005091487884521484,0.0007618960142135619,0.0004839615821838379,0.0005254752159118652,0.0006022079944610595,0.0004917503833770752,0.0004919744014739991,0.00040087840557098393,0.0004310800075531006,0.0004424160003662109,0.0005379696130752563,0.0006297984123229981,0.0004894048213958741,0.00046119041442871096,0.00047859201431274415,0.0005460752010345459,0.0004403439998626709,0.0006205712080001831,0.0004983136177062989,0.0004687983989715576,0.0004552111864089966,0.000452025580406189,0.0007031871795654297,0.0004713632106781006,0.0005137279987335205,0.00047314720153808596,0.000520956802368164,0.0006872175931930543,0.0007124576091766357,0.0004356287956237793,0.0005895616054534912,0.00044430878162384033,0.00045607042312622074,0.0007458335876464843,0.0004910879850387572,0.0007460480213165284,0.0006057727813720703,0.0004821999788284302,0.0004987040042877197,0.0005289631843566894
Op.ELASTICITY.3D.P3,0.00037464746666666666,0.0013954639911651612,0.001381004810333252,0.001528977632522583,0.0014956992149353027,0.0014356416225433351,0.0015356624126434326,0.0013848896026611328,0.0013923151969909668,0.00165600643157959,0.001456723213195801,0.001548870372772217,0.0015152127742767334,0.0011624608039855957,0.0014231616020202638,0.0014314687728881838,0.0015048095703124999,0.0015441408157348634,0.001398635196685791,0.0015584480285644531,0.0014486527919769288,0.0017371919631958008,0.0014103615760803223,0.0014864848136901857,0.0016057920455932618,0.0015781487941741944,0.001675924777984619,0.0013429696083068847,0.0014013999938964844,0.0015346784114837646,0.0014668383598327637,0.0014272831916809082,0.001498147201538086,0.0015934304237365722,0.0017388959884643556,0.0016968063354492187,0.0018262399673461913,0.001742470359802246,0.0016216927528381348,0.0013830880165100097,0.001403115177154541,0.001343344020843506,0.0015531359672546388,0.0014851856231689452,0.0014416672229766846,0.0015175151824951172,0.0016121088027954103,0.0017193920135498047,0.001760905647277832,0.001866444778442383,0.001642838478088379,0.0017577728271484375,0.0012679488182067871,0.0015469728469848633,0.0015189775943756103,0.0015969823837280273,0.001736200046539307,0.0014901360034942626,0.001678774356842041,0.0014923487663269044,0.0015971808433532715,0.0018169343948364258,0.0017340784072875978,0.0016964704513549804,0.0018697664260864258,0.0012740032196044923,0.0014815727710723876,0.0014795871734619142,0.0017548063278198243,0.0016218624114990234,0.0015053728103637696
Op.ELASTICITY.3D.P4,0.0013708691393939394,0.003530070495605469,0.004314871978759766,0.004283729743957519,0.004298383903503419,0.004119974517822266,0.0046675487518310545,0.004547715187072754,0.004704811096191406,0.004608201599121094,0.004238777542114259,0.0049238304138183595,0.004137996673583984,0.004219380950927734,0.005272726440429688,0.004056124877929688,0.005512422561645508,0.004196382331848145,0.003999228668212891,0.004428758239746093,0.004615271949768067,0.004289140701293945,0.004456787109375,0.007505638122558594,0.005943107223510742,0.004839462280273437,0.0037655937194824222,0.0044532127380371095,0.0035991790771484375,0.004211231994628906,0.004427596664428711,0.004966172790527344,0.004396188735961914,0.0042588720321655275,0.0036298799514770507,0.003943168067932129,0.003296988677978516,0.004611907196044922,0.004513641738891602,0.004063539123535156,0.00525631046295166,0.0037268257141113282,0.004895497512817383,0.004176217651367187,0.004893804931640626,0.004815516662597656,0.0072386978149414066,0.00549532470703125,0.006650993347167969,0.006049939346313477,0.004961308670043946,0.007474256134033203,0.007988883209228515,0.004586276817321777,0.004207673645019531,0.0043056447982788085,0.00451993293762207,0.004279118347167968,0.004295699310302735,0.0046497264862060544,0.0053806785583496095,0.005021601676940919,0.005587286376953125,0.004365059280395508,0.004493452835083007,0.0038594511032104496,0.00414692497253418,0.005509049606323243,0.0043949535369873045,0.0044426689147949215,0.004489891052246094
Op.ELASTICITY.3D.P5,0.004196051626666667,0.015563066101074219,0.016334886169433595,0.015050703430175782,0.01519713592529297,0.01654990386962891,0.01557056884765625,0.015068156433105469,0.016744175720214846,0.01825519714355469,0.01802660827636719,0.01787588806152344,0.016684690856933592,0.015428396606445313,0.013765696716308593,0.01662178497314453,0.016535484313964843,0.015931613159179688,0.01479117431640625,0.015387747192382813,0.01620836486816406,0.01688994903564453,0.01856226501464844,0.014198921203613282,0.0150496826171875,0.022066630554199218,0.017883570861816404,0.016161878967285156,0.02325581817626953,0.01683293762207031,0.02160080261230469,0.02404217987060547,0.01551134033203125,0.014239231872558595,0.01472065887451172,0.014817698669433593,0.014865321350097657,0.01284752960205078,0.014266383361816405,0.017694221496582032,0.016997468566894533,0.014544773864746095,0.019011305236816406,0.014126304626464845,0.016670335388183594,0.015372419738769532,0.01609389190673828,0.013797491455078126,0.017826278686523436,0.015022460937500001,0.01767131805419922,0.0160671875,0.019370697021484376,0.01761446075439453,0.017900544738769533,0.01961099853515625,0.016470742797851563,0.019683836364746094,0.022149002075195313,0.01767876434326172,0.02175845184326172,0.025232028198242187,0.022020845031738283,0.01859187469482422,0.017147302246093753,0.015341471862792968,0.01879468231201172,0.018262899780273435,0.016531272888183596,0.018209443664550785,0.01865125732421875
Op.HYPERELASTICITY.3D.P1,2.0371456000000003e-05,0.000143014395236969,nan,nan,nan,nan,nan,nan,nan,nan,nan,nan,nan,nan,nan,nan,nan,nan,nan,nan,nan,nan,nan,nan,nan,nan,nan,nan,nan,nan,nan,nan,nan,nan,nan,nan,nan,nan,nan,nan,nan,nan,nan,nan,nan,nan,nan,nan,nan,nan,nan,nan,nan,nan,nan,nan,nan,nan,nan,nan,nan,nan,nan,nan,nan,nan,nan,nan,nan,nan,nan
Op.HYPERELASTICITY.3D.P2,0.00037862809600000004,0.0015031423568725587,0.0016685903549194334,0.0018607135772705078,0.0017647264480590821,0.002092883205413818,0.0018672623634338379,0.0019450080871582032,0.0019445008277893068,0.0021260223388671873,0.001974831962585449,0.002077584075927734,0.0015054176330566407,0.001886848068237305,0.00169652156829834,0.0021245759963989257,0.0017892576217651368,0.0019758047103881834,0.0019107583999633789,0.0019904832839965822,0.002022166442871094,0.0021701280593872073,0.0021088255882263183,0.0010197248458862305,0.002043683242797852,0.002133967971801758,0.0024131808280944823,0.0023302591323852537,0.00250467529296875,0.0022547807693481447,0.002305969619750977,0.0023426015853881834,0.0024609952926635745,0.002429419136047363,0.0010410367965698242,0.002074025535583496,0.002167510414123535,0.002356847953796387,0.002452915191650391,0.002523652744293213,0.0022615711212158203,0.00233819522857666,0.0024636192321777343,0.002375622367858887,0.0024965503692626952,0.0015904288291931153,0.0018800144195556642,0.0017812095642089844,0.001944424057006836,0.002154217529296875,0.00209756965637207,0.0022155024528503417,0.0020997407913208007,0.002366912078857422,0.0021429855346679688,0.002263161659240723,0.001612620735168457,0.0019069248199462892,0.0018046000480651855,0.0021872688293457032,0.0019761568069458007,0.0021149584770202637,0.00225897274017334,0.002131622314453125,0.002405731201171875,0.0021714336395263676,0.002302963256835938,0.0016660127639770508,0.000981276798248291,0.0015880448341369629,0.002066543960571289
Op.HYPERELASTICITY.3D.P3,0.002343244288,0.008528684997558595,0.008264002990722656,0.00873251495361328,0.007708067321777344,0.010164678192138671,0.008430274963378906,0.00967996826171875,0.009232985687255859,0.009726051330566407,0.00809610595703125,0.008169376373291015,0.011207606506347655,0.009987673950195312,0.010506832122802734,0.009639814758300782,0.008531212615966798,0.01091526107788086,0.010126409912109375,0.011562774658203125,0.008562332916259767,0.011197801971435547,0.009029344177246094,0.009552870178222657,0.009995948791503907,0.01076888656616211,0.00923975067138672,0.008724114990234375,0.010077430725097656,0.009800169372558594,0.009035132598876953,0.010785279846191407,0.009154704284667968,0.010752726745605469,0.009215180969238282,0.011203193664550781,0.011223849487304687,0.01187459487915039,0.012365519714355469,0.009887596893310547,0.01065261459350586,0.011476383972167969,0.010345887756347656,0.015032666015625001,0.014661882019042968,0.010903759765625002,0.008767565155029298,0.007577539062499999,0.011116838073730468,0.011309193420410157,0.007606537628173828,0.011948268890380859,0.007656237030029297,0.010405506896972658,0.010562079620361327,0.010973283386230468,0.00932429428100586,0.01011630401611328,0.009279219055175782,0.011905622100830078,0.009785664367675782,0.010785842895507812,0.010657855987548828,0.009644844818115235,0.012000399780273436,0.009742098999023436,0.010969308471679687,0.011246646118164063,0.010482854461669923,0.012433650970458985,0.012822630310058595
Op.HYPERELASTICITY.3D.P4,0.009964627456000002,0.041284173583984375,0.042773764038085936,0.04329116821289063,0.03778605346679687,0.04315797729492188,0.03607565002441406,0.0396349853515625,0.036866510009765624,0.04356325073242188,0.07844559326171875,0.21630930175781252,0.051673205566406255,0.043786334228515626,0.2164633056640625,0.05090553588867188,0.06076083984375,0.054345166015625,0.2239610595703125,0.19585316162109376,0.14946573486328127,0.055425140380859376,0.16330061035156251,0.09216152954101563,0.04368174133300781,0.2965779296875,0.21109406738281253,0.265776025390625,0.06277970581054687,0.05364307861328125,0.05338619384765625,0.048215142822265626,0.052748394775390624,0.14177645263671876,0.16242355957031251,0.190446484375,0.073539892578125,0.040180905151367186,0.04480595703125,0.07529545288085937,0.041906683349609376,0.25107416992187503,0.13836556396484376,0.04597102966308594,0.04710221862792969,0.04648107299804688,0.04752632141113281,0.1657153076171875,0.14596024169921876,0.2079945556640625,0.1865678466796875,0.04885218200683594,0.04677051086425782,0.04709205932617188,0.16663117675781253,0.048133795166015625,0.20086524658203125,0.040387603759765626,0.033467874145507816,0.03959601135253907,0.04175006408691407,0.03573173217773437,0.04266314697265625,0.03587006530761719,0.033200375366210934,0.03349014892578125,0.04425147399902344,0.030807473754882814,0.03288944091796875,0.0335517333984375,0.03159220886230469
Op.HYPERELASTICITY.3D.P5,0.0885689792512,1.08093974609375,0.41907294921875005,1.18987578125,1.098188671875,0.3813138916015625,0.34409260253906254,0.440719287109375,1.0342081054687502,1.0924766601562501,0.40055546875,0.34685000000000005,1.0388956054687501,1.15041875,0.32194042968750003,0.3799764892578125,1.0984900390625,1.054852734375,1.02493857421875,0.46453837890625,0.328566259765625,0.440577490234375,0.9959780273437501,0.31511923828125,1.09037626953125,0.41371376953125005,1.1670201171875,0.5721561523437501,0.462691015625,0.511464404296875,0.511656201171875,0.500387548828125,0.51362470703125,0.623031396484375,0.5783684570312501,0.497339599609375,0.492491552734375,0.49868779296875,0.5836294921875,0.49088085937500003,0.532768408203125,0.6305057617187501,0.64753115234375,0.6348681152343749,0.594621337890625,0.5475676757812501,0.5112619140625,0.506321337890625,0.5436379882812501,0.671553564453125,0.61487255859375,0.5095826171875,0.5933882324218751,0.58938740234375,0.7162212890625,0.552575927734375,0.5263779296875,0.5101314941406251,0.507793896484375,0.5511427734375,0.519064990234375,0.673742236328125,0.74004404296875,0.654332470703125,0.63597958984375,0.580721435546875,0.49835483398437497,0.6978063476562499,0.5832521484375,0.5435943359375,0.537706494140625
